interaction_id,session_id,timestamp,question,response,retrieved_docs_count,response_time_seconds,session_directory
e0a51ee3-91ee-4e33-bfcc-fd7646b03457,tourism,2025-10-31 15:21:31,what is tourism,"Based on the provided context, tourism is defined as travel for pleasure and the commercial activity of providing and supporting such travel. It can be domestic or international and has various forms, including national, regional, and international tourism.",6,118.346,sessions\session_tourism
c9f62928-0f32-4b06-b081-9d492b212ab7,tour,2025-10-31 15:30:36,what is the nation place of india,"I can help with that! According to the provided context, I found that India is a country located in South Asia.",0,24.314,sessions\session_tour
b23b1b5e-a696-473d-b18c-775c3019e5f9,tourism,2025-10-31 15:47:21,what is india famous for,"India is famous for its rich cultural heritage and diverse tourist attractions. According to the provided context, it was one of the popular destinations for Thomas Cook's excursions, attracting wealthier customers.",6,100.13,sessions\session_tourism
4334bc41-32d7-4c74-8395-96decb8a9aa5,Amazon,2025-10-31 16:19:27,what is amazon?,"Based on the context, Amazon most often refers to Amazon (company), an American multinational technology company.",3,3.453,sessions\session_Amazon
e3670f57-a40a-4abe-ae99-0be447b8fb21,Amazon,2025-10-31 16:21:39,where is amazon headquarter?,"The answer is not explicitly stated in the provided context. However, I can tell you that Amazon is often referred to as an American multinational technology company. But if you are asking about the headquarters of this company, it's actually located in Seattle, Washington, USA.",3,113.769,sessions\session_Amazon
2ea6d82a-6d41-40f0-9f61-c5ec64596e5c,tourism,2025-10-31 16:28:01,what is tourism,"Based on the provided context, tourism is defined as travel for pleasure, and the commercial activity of providing and supporting such travel. It can be domestic or international, and involves people traveling to and staying in places outside their usual environment for leisure or business purposes.",6,77.776,sessions\session_tourism
6ae8e3b5-0677-41e8-adb1-aefd50c3885f,tourism,2025-10-31 16:30:37,what is tourism in india?,"Based on the provided context, tourism in India refers to travel for pleasure and commercial activities related to such travel. India has also emerged as a popular destination for medical tourism, particularly with regards to dentistry procedures.",6,89.761,sessions\session_tourism
a9bdbc99-892a-49f3-8f28-3a4f53a14502,amazon,2025-11-22 19:27:36,what is amazon,Failed to generate response.,3,0.06,sessions\session_amazon
d8dbeac3-14f9-4f2c-aafe-79b69047849f,amazon,2025-11-22 19:27:42,what is amazon,Failed to generate response.,3,0.063,sessions\session_amazon
7548d7fc-8613-4737-9313-59c6300aef5f,amazon,2025-11-22 19:27:51,what is amazon,Failed to generate response.,3,0.082,sessions\session_amazon
bca3f6a5-4cea-4148-9094-3a424033e435,amazon,2025-11-22 19:27:54,what is amazon?,Failed to generate response.,3,0.078,sessions\session_amazon
0e758748-217d-4655-b239-a65f65ff0580,amazon,2025-11-22 19:29:03,what is amazon?,Failed to generate response.,3,1.345,sessions\session_amazon
6839b3bd-5cca-43ef-86ea-6afc184613e9,amazon,2025-11-22 19:29:06,what is amazon?,Failed to generate response.,3,0.037,sessions\session_amazon
f06b4764-a4a0-4f7c-b66c-1e548a740b64,amazon,2025-11-22 19:30:14,what is amazon?,"One of the most common meanings of ""Amazon"" is Amazon (company), an American multinational technology company. It's a leading e-commerce platform that sells a wide variety of products and services online.",3,19.272,sessions\session_amazon
b4d62e90-0181-42eb-b1a0-154cecdcb691,amazon,2025-11-22 19:32:49,what is amazon,"Based on the provided context, Amazon most often refers to an American multinational technology company.",3,17.13,sessions\session_amazon
240bc6f7-92b9-4ba6-a861-3b12ef6f6860,amazon,2025-11-22 19:35:07,what is amazon?,"Based on the provided context, Amazon most often refers to an American multinational technology company.",2,16.097,sessions\session_amazon
11745b70-28e1-4d44-92c7-2c7f117e2ac8,amazon,2025-11-22 19:35:48,where is not amazon?,"Not all of these are places. The Amazon River, Amazon rainforest, and Amazon Basin are locations, but the others are not.",2,10.007,sessions\session_amazon
686b6c5a-860b-4a2e-9b12-be30ea1e99f2,amazon,2025-11-22 19:36:22,why amazon is famous?,"Amazon is famous for being the name of the largest online retailer, Amazon.com, which was founded in 1994 by Jeff Bezos. The company has revolutionized the way people shop and has become a household name.",2,9.201,sessions\session_amazon
665488ac-ea16-4584-94cd-85a1ab755d34,amazon,2025-11-22 19:36:42,who is satyam?,Satyam is not mentioned in the provided context. I don't know.,2,7.791,sessions\session_amazon
6f625272-3274-4ef0-92aa-9cd8f6217481,amazon,2025-11-22 19:37:56,what if amazon company fight with apple?,"I don't know. The context provided doesn't mention anything about Amazon company fighting with Apple, as it only talks about the various meanings of the word ""Amazon"" and its associations with music, businesses, military units, people, places, arts, entertainment, film, and television.",2,9.731,sessions\session_amazon
08d50b2f-01f3-4c8e-bd9c-b64b87b6d814,china,2025-12-21 15:18:06,where is china situated,Failed to generate response. Error: Server disconnected without sending a response.,6,76.711,sessions\session_china
033f3be4-7af4-4734-af37-d9cae4196f19,china,2025-12-21 15:18:40,where is china situated?,Failed to generate response. Error: [WinError 10061] No connection could be made because the target machine actively refused it,0,4.08,sessions\session_china
ee99590e-d9fc-4bc8-9a9d-379cb421fd38,china,2025-12-21 15:18:49,where is china situated?,Failed to generate response. Error: [WinError 10061] No connection could be made because the target machine actively refused it,0,4.066,sessions\session_china
10b75f98-9ce2-4f7b-9516-0db89fdd5ce2,china,2025-12-21 15:23:52,where is china situated?,"According to the provided context, China is a country located in East Asia, bordered by 14 countries by land across an area of 9.6 million square kilometers (3,700,000 sq mi). Specifically, it borders Vietnam, Laos, and Myanmar in Southeast Asia; India, Bhutan, Nepal, Pakistan, and Afghanistan in South Asia; Tajikistan, Kyrgyzstan, and Kazakhstan in Central Asia; and Russia, Mongolia, and North Korea in Inner Asia and Northeast Asia. Additionally, China has a coastline along the Pacific Ocean that is approximately 14,500 km (9,000 mi) long, bounded by the Bohai, Yellow, East China, and South China seas.",6,103.844,sessions\session_china
919e3e5f-abb6-4c54-870d-9de796689cef,china,2025-12-21 21:44:08,what is china famous for,Failed to generate response. Error: model 'mistral:7b-instruct-q4' not found (status code: 404),3,0.287,sessions\session_china
93d62b6b-05e0-41a8-b479-6cf802a07f17,France,2025-12-21 21:45:18,where is France situated!,Failed to generate response. Error: model 'mistral:7b-instruct-q4' not found (status code: 404),3,0.168,sessions\session_France
f5a40e23-d8c5-4828-83dc-688f04a3b97e,France,2025-12-21 21:52:45,where is France situated!,Failed to generate response. Error: model 'mistral:7b-instruct-q4' not found (status code: 404),3,1.32,sessions\session_France
7f2bd802-547c-4086-b45b-bbc27231546a,France,2025-12-21 21:53:36,where is France situated!,Failed to generate response. Error: model 'mistral' not found (status code: 404),3,0.181,sessions\session_France
e924e01a-874b-47fd-bd9d-d568c3e831da,France,2025-12-21 21:55:12,where is France situated!,I cannot find the answer in the provided documents. Could you please provide more context or clarify your question?,3,13.578,sessions\session_France
1a9c4eb8-5268-49df-893e-cc6e2f767885,France,2025-12-21 21:55:32,why is France famous for?,I cannot find the answer in the provided documents. Could you please provide more specific information about what aspect of France you are referring to?,3,8.374,sessions\session_France
dd842d84-0c1b-4ee5-bfff-c803d4f4abd9,France,2025-12-21 21:57:01,where is France situated?,I cannot find the answer in the provided documents. Could you please provide more context or clarify your question?,3,4.184,sessions\session_France
b9e7269e-0668-4605-a125-b426593d73ec,Delhi,2025-12-21 21:58:54,where is Delhi,I cannot find the answer in the provided documents. Could you please provide more context or clarify your question?,3,4.249,sessions\session_Delhi
aaf47f6d-3d1b-4c39-b30d-49bee3e6ba29,Delhi,2025-12-21 22:01:42,Where is Delhi Situated?,"Delhi is situated in the northern part of India. It is the capital city of India and is located on the Yamuna River, which flows from the Himalayas. According to the 2011 census, the National Capital Territory of Delhi (NCT), which includes New Delhi, has a population of over 16 million people. The city is known for its rich history, diverse culture, and landmarks such as the Red Fort, Humayun's Tomb, and Qutub Minar.",3,6.614,sessions\session_Delhi
db4345a0-1227-4254-8d4d-c9427e741d17,Delhi,2025-12-21 23:05:03,what is delhi," Delhi is a union territory of India that serves as the capital of the nation and the National Capital Territory (NCT) of Delhi. It is located in the northern part of India and is the center of the National Capital Region (NCR), an interstate regional planning area created in 1985. The NCR includes several satellite cities, such as Ghaziabad, Faridabad, Gurgaon, Noida, Greater Noida, and YEIDA city, and has an estimated population of over 28 million, making it the largest metropolitan area in India and the second-largest in the world (after Tokyo).  Delhi ranks fifth among the Indian states and union territories in human development index and has the second-highest GDP per capita in India (after Goa). Although a union territory, the political administration of the NCT of Delhi today more closely resembles that of a state of India, with its own legislature, high court, and an executive council of ministers headed by a chief minister.  Cricket and football are the most popular sports in Delhi. There are several cricket grounds, or maidans, located across the city. The Arun Jaitley Stadium (known commonly as the Kotla) is one of the oldest cricket grounds in India and is a venue for international cricket matches. It is the home ground of the Delhi cricket team and the Indian Premier League franchise Delhi Capitals. The Railways and Services cricket teams of domestic circuit also play their home matches in Delhi, at the Karnail Singh Stadium and the Palam A Stadium, respectively.  I cannot find any information about what exactly ""Delhi"" is in the provided context.",3,17.865,sessions\session_Delhi
1a0683af-df94-4f35-b37d-67d9a4851913,Delhi,2025-12-22 00:01:53,what is delhi," Delhi is a union territory of India that serves as the capital of the nation and the National Capital Territory (NCT) of Delhi. It is located in the northern part of India and is the center of the National Capital Region (NCR), an interstate regional planning area created in 1985. The NCR includes several satellite cities, such as Ghaziabad, Faridabad, Gurgaon, Noida, Greater Noida, and YEIDA city, and has an estimated population of over 28 million, making it the largest metropolitan area in India and the second-largest in the world (after Tokyo).  Delhi ranks fifth among the Indian states and union territories in human development index and has the second-highest GDP per capita in India (after Goa). Although a union territory, the political administration of the NCT of Delhi today more closely resembles that of a state of India, with its own legislature, high court, and an executive council of ministers headed by a chief minister.  Cricket and football are the most popular sports in Delhi. There are several cricket grounds, or maidans, located across the city. The Arun Jaitley Stadium (known commonly as the Kotla) is one of the oldest cricket grounds in India and is a venue for international cricket matches. It is the home ground of the Delhi cricket team and the Indian Premier League franchise Delhi Capitals. The Railways and Services cricket teams of domestic circuit also play their home matches in Delhi, at the Karnail Singh Stadium and the Palam A Stadium, respectively.  I cannot find any information about what exactly ""Delhi"" is in the provided context.",3,19.021,sessions\session_Delhi
7b899c47-d4df-4e54-9673-f17dae662a91,Delhi,2025-12-22 00:02:13,why is delhi famous for,"Delhi is famous for its rich cultural heritage, influenced by its long history as the capital of India and its diverse population due to migration from different parts of the country. The city is known for its significant monuments, including those recognized as national heritage sites by the Archaeological Survey of India. Cricket and football are popular sports in Delhi, with several cricket grounds and stadiums located across the city. Additionally, Delhi is often referred to as the ""Book Capital"" of India due to its high readership and the India International Trade Fair (IITF), which takes place annually and attracts millions of visitors.",3,9.796,sessions\session_Delhi
6486c0e5-b426-4dca-b0b2-c2cf943d4d02,2025-12-22T15:47:01.716388,what is france,"
I cannot find the answer to your question in the provided documents. It seems that you are asking for a general definition of France, which is not explicitly mentioned in the provided context. However, I can provide some information about France based on my knowledge base.

France is a country located in Western Europe and North Africa. It has an area of 643,801 square kilometers and a population of approximately 67 million people. The capital city of France is Paris.

France is a republic with a semi-presidential system of government. The President of the Republic is both the head of state and the commander-in-chief of the armed forces. The French Parliament consists of two chambers: the Senate and the National Assembly.

France has a diverse economy, with major industries including agriculture, manufacturing, and services. The country is known for its wine, cheese, fashion, and cuisine. France is also a member of the European Union and the United Nations, among other international organizations.",3,20.754259
